{"cameraMode":{"drawMode":0,"name":"Shaded","section":"Shading Mode"},"sceneLighting":true,"audioPlay":false,"sceneViewState":{"showFog":true,"showMaterialUpdate":false,"showSkybox":true,"showFlares":true,"showImageEffects":true,"showParticleSystems":true},"in2DMode":false,"pivot":{"x":0.867060661315918,"y":0.22358083724975587,"z":-1.0235652923583985},"rotation":{"x":-0.06110550835728645,"y":0.9249182343482971,"z":-0.16860291361808778,"w":-0.33521196246147158},"size":10.365610122680664,"orthographic":false}